,RMSE(Vel),P(Vel),RMSE(Vel_x),P(Vel_x),RMSE(Vel_y),P(Vel_y),R2(Vel)
c16,29.112476111071214,1.8595382278948533e-167,20.661596452782224,1.3818027175802857e-58,28.44065402584211,1.1776573584058976e-60,-0.22205461153999684
c17,24.828448947529317,1.819872968215192e-10,22.76640770609613,4.9495926514660296e-55,32.22810659622393,6.84239063846248e-12,0.6388141196877455
c18,34.14622870532771,0.3411621598178253,14.838652661209261,4.725802040049645e-39,37.74901521170786,0.07054825063973154,0.5373924024824245
c19,34.256677930586,3.66002323520972e-52,30.979948149048752,0.0,45.02131592329346,2.318688954290616e-138,0.8165013933136833
c20,56.82077108460704,1.8728887682110653e-23,29.055689582358653,0.004868182199792001,62.240299231967995,1.478256432853305e-54,0.46159210022550645
c21,37.239021221584686,1.1449562679611161e-48,19.482148621065736,5.193413066138548e-07,41.58499408490794,9.397902865490671e-62,0.8287174947036757
mean,36.067270666784324,0.05686035999996877,22.96407386209346,0.0008114502568497692,41.21073084565722,0.011758041774428988,0.5101604831455065
std,11.079076750150877,0.1392788685017272,6.080275814026083,0.001987384667548673,11.938586630263194,0.028801202718327854,0.38758598818497497
