,RMSE(Vel),P(Vel),RMSE(Vel_x),P(Vel_x),RMSE(Vel_y),P(Vel_y),R2(Vel)
c16,20.889045759807363,2.346515365898196e-95,18.922179247234588,1.6339574297527355e-110,20.71440727411324,4.756784130852556e-08,0.27833419672240023
c17,19.98830610520202,1.4929998880282632e-05,23.928187750673068,1.9571328748540305e-132,38.14977127811036,1.8208013982826167e-72,0.5947074860542256
c18,25.197125315882722,0.2342745722797608,14.593318517992985,0.04034489140629957,29.05607512173624,9.638395875063628e-10,0.7201984662339205
c19,31.18888638631248,3.255608514423665e-12,38.29639960139762,0.0,46.39586214814171,1.47466442487572e-109,0.7978663625327815
c20,40.24808265827025,1.6271894059383598e-16,22.4207502172148,2.1098601064116072e-09,53.223006223789554,2.986482295999172e-50,0.6625612254903815
c21,32.713958021576815,6.5156887212259026e-12,17.131953518196408,4.758773313523301e-18,37.28323047701447,1.3629613763869554e-22,0.8651190828616998
mean,28.37090070784194,0.03904825038140209,22.548798142118244,0.006724148919359948,37.470392087150934,8.08861348267201e-09,0.6531311366492348
std,7.799865860029573,0.09564097478871461,8.434338030004124,0.016470732773302663,11.660782225477865,1.9344634941353297e-08,0.20705564341571567
