,RMSE(Vel),P(Vel),RMSE(Vel_x),P(Vel_x),RMSE(Vel_y),P(Vel_y),R2(Vel)
c16,16.124983774631037,6.07935877564098e-14,15.05685735481845,2.8550562750182345e-25,16.457079796052273,3.0272243013222302e-05,0.552542836065943
c17,20.825095984876015,0.8673206809776329,21.388148833917214,7.416837394838148e-32,33.52286575545365,4.954897006160877e-32,0.663133710660557
c18,23.14455626131754,5.406456916968093e-14,14.513902098727185,4.365558020479294e-09,27.102659747146394,2.6658653509892337e-32,0.7549820738394343
c19,27.911897351299935,1.0942648912512214e-56,25.564807976790366,2.5958562073657083e-186,41.26967461559507,1.5098132176370125e-118,0.86199130728372
c20,33.50400469632791,4.799627913458047e-19,19.557074499417695,0.8486152243362097,41.77801625796235,2.1212182613353506e-39,0.7783683989895847
c21,31.33889639522314,3.943260949610511e-42,17.58727781375354,2.7078408543813024e-19,34.263623676804855,4.8097918321171874e-43,0.8791737481739514
mean,25.47490574394593,0.14455344682962465,18.944678096237407,0.14143587145029463,32.39898664150243,5.04537383553705e-06,0.7483653458355318
std,6.62214534390068,0.35408218529306285,4.165601032752014,0.3464457142404189,9.524607599867105,1.2358591458654627e-05,0.12375503908322945
