,RMSE(Vel),P(Vel),RMSE(Vel_x),P(Vel_x),RMSE(Vel_y),P(Vel_y),R2(Vel)
c16,16.45191971663058,0.08892895957450397,14.378970116666498,6.259288052943912e-64,16.82183752369745,6.52201112488639e-22,0.5508682485628045
c17,16.98348973032133,0.8493216193419947,19.31045545677378,4.0229170457340815e-33,27.635072230095535,6.1527008014459615e-161,0.7617550590146245
c18,21.737241705447715,1.2957906743377378e-54,13.408362728016328,1.3485104134867819e-09,24.997166218803073,7.17573994014357e-72,0.7886897574571754
c19,26.995266338754963,6.222184189110368e-87,25.54971499370594,5.411605891557309e-215,35.2368706766206,7.074443193929117e-124,0.8845532457040921
c20,39.45827861583219,1.129039089651622e-36,24.859488552160798,1.257256065122296e-09,60.320469464852835,2.901110648091596e-84,0.6036004048475787
c21,27.783515561560783,1.3806662081899653e-06,15.933392642200827,0.001739459647816824,31.077478049386347,2.892452830589153e-22,0.9023951693461487
mean,24.901618611424595,0.1563753265971178,18.90673074825403,0.0002899103755972171,32.68148236057598,1.5690773259125904e-22,0.7486436474887374
std,8.587112424031774,0.34133154449141867,5.278275580403115,0.0007101312147924369,14.89335255441252,2.688155150364912e-22,0.14424922880383695
