,RMSE(Vel),P(Vel),RMSE(Vel_x),P(Vel_x),RMSE(Vel_y),P(Vel_y),R2(Vel)
c16,20.18357907604736,7.951260557586857e-129,18.10938522744746,1.359552306779473e-50,22.62989341312542,2.77847260735586e-07,0.26420686222559486
c17,19.73150325344212,1.2083556273038174e-35,20.849325442009764,1.2237662391207053e-29,28.85806716051628,1.5382253689045904e-111,0.7233796972267161
c18,27.147982868332303,1.587099820177007e-10,13.934574975770959,2.3086280353983328e-07,31.450275083128346,5.979259285402854e-69,0.6824659395302854
c19,32.76777503725418,4.798940275697855e-129,29.940192163180086,1.1835909783734858e-253,51.707798467755794,0.0,0.7955816871178364
c20,45.162862439941016,1.8057029678412236e-10,20.902026426300434,2.3405728090941266e-09,52.7721201633659,4.319564726869712e-27,0.641710763000442
c21,33.33387967259868,4.511305753542884e-31,20.003702440681092,0.6777530865995123,36.81369130275688,1.949407833460399e-43,0.8595941687563755
mean,29.721263724602608,5.6546713133637184e-11,20.623201112564967,0.11295888663381477,37.3719742651081,4.6307876789264334e-08,0.6611565196428751
std,9.572457502053112,8.78741211910057e-11,5.260721747283878,0.27669151991989677,12.392530914682204,1.1343066920537017e-07,0.20962853308460905
