,RMSE(Vel),P(Vel),RMSE(Vel_x),P(Vel_x),RMSE(Vel_y),P(Vel_y),R2(Vel)
c16,19.44308536651058,4.567795658109338e-24,17.29407661324362,2.261600373299956e-47,20.777585137720706,7.995522800477391e-16,0.34596623646115443
c17,18.756683669980905,1.412293550413541e-05,26.09699977453148,1.9494683896403903e-224,34.16990825706958,0.10407677453751309,0.6326149499141873
c18,22.739396801532468,3.9832327936862604e-20,12.87741383477277,6.683383716155966e-140,25.742690387220247,1.8404439015161286e-40,0.7774978914471087
c19,26.510819561036666,7.68631274667471e-09,28.826025102717864,0.0,38.44032521532808,2.1792087003462273e-46,0.8674394543579701
c20,39.09929728269095,2.4556750445026052e-18,19.164845655439926,0.015240523169645224,49.895585177279166,2.278684928146208e-42,0.7013539405637399
c21,31.90433558323421,2.2014268632210462e-13,16.794444857668793,4.340864384759646e-13,34.8890982940388,4.4905375087653096e-17,0.8767058519738211
mean,26.40893637749763,2.355103672837878e-06,20.17563430639574,0.0025400871950132186,33.98586541144277,0.017346129089585657,0.7002630541196636
std,7.89684272382448,5.765037492930734e-06,6.064872010402019,0.006221917529747114,10.160902507654187,0.04248916528193255,0.19755957119158474
