,RMSE(Vel),P(Vel),RMSE(Vel_x),P(Vel_x),RMSE(Vel_y),P(Vel_y),R2(Vel)
c16,23.61649588111374,2.1526083311189136e-166,23.279469878129884,0.7985205980451775,20.249173678040727,2.985544537650859e-07,0.11073919423328815
c17,23.56979516729071,1.0194265802197924e-25,21.926540266457355,1.2961330866857082e-09,31.964282467076146,9.829787471738332e-35,0.6568349285071389
c18,25.769344393776016,1.4270222890172199e-08,12.989840281785213,0.15500279676942866,28.63607274623189,1.849773133593109e-25,0.7270138703304612
c19,28.99980737389518,0.00012120098901136745,22.563157995333608,1.3680556152627956e-87,38.8379277143153,1.5038577428162309e-16,0.8741294470875973
c20,46.64104050351675,4.951750391016449e-17,23.082533030870255,8.804674378723361e-28,51.01537471097796,2.113425695655759e-37,0.6387948603609969
c21,31.57431633454512,2.0578260502349645e-09,15.988361551920589,1.929024794320139e-08,35.82966941199706,6.797953668579746e-13,0.875810733252962
mean,30.028466609022917,2.020288617672623e-05,19.971650500749483,0.15892056923349787,34.42208345477318,4.9759188951806426e-08,0.6472205056287408
std,8.722308525248916,4.947876369916489e-05,4.376506118438206,0.3194140036240676,10.365407571520034,1.218842898429338e-07,0.28216440846844626
