,RMSE(Vel),P(Vel),RMSE(Vel_x),P(Vel_x),RMSE(Vel_y),P(Vel_y),R2(Vel)
c16,17.84061244999524,6.1498548538242706e-21,16.503707770167246,1.2094506571071303e-15,19.86652326276369,1.671572526039063e-86,0.41800375553851477
c17,20.097786942949323,0.07545679435119816,22.932148388434115,1.1147467073414368e-119,35.524180497681826,2.2491308950801347e-49,0.6335665762404162
c18,25.761268478048954,5.6413670805626546e-42,12.64826062284453,1.0219596643106836e-39,29.55601637209361,2.0832892376414517e-100,0.7191940095323606
c19,24.10458876818278,2.4462213120003346e-13,27.50167250635646,3.833596609487683e-240,38.838569472175145,5.249961514549227e-65,0.8747548445672458
c20,38.37455411071807,4.099834710391014e-29,17.634737073007415,0.27596682418456203,49.924978631091,4.49746900508234e-79,0.7084305053211398
c21,27.041264486466574,0.0009387234787124023,15.43196190428658,0.04983752454725055,31.208300706184094,1.8406004049712068e-09,0.9047609327917562
mean,25.536679206060153,0.012732586305025865,18.775414710849393,0.05430072478863563,34.153094823664894,3.067667341618678e-10,0.7097851039985722
std,7.183134759428475,0.0307307549254453,5.451761215711827,0.11040838249705852,10.064759680104421,7.514219687565891e-10,0.176786068931121
